Référence	ContexteGauche	Pivot	ContexteDroit
TXM_etude_des_moeurs	de sentiments, peut-être emphatiquement exprimés mais ces	lettres	auraient -elles dû m’attirer les reproches de ma mère qui me
TXM_etude_des_moeurs	au titre de comte, en vertu de	lettres	octroyées par Louis XVIII. Ses enfants recueilleront les fruits de son
TXM_etude_des_moeurs	à lui écrire. Des trois ou quatre	lettres	que je fis, il m’est resté ce commencement dont je
TXM_etude_des_moeurs	recueilli. Je n’ai jamais lu ses	lettres	que comme je lus la première, au lit et au milieu
TXM_etude_des_moeurs	sais pas comment on peut lire autrement des	lettres	écrites par une personne aimée ; cependant il est des hommes indignes
TXM_etude_des_moeurs	être aimés qui mêlent la lecture de ces	lettres	aux préoccupations du jour, la quittent et la reprennent avec une
TXM_etude_des_moeurs	tout m’intéressera. Elle me donna des	lettres	pour le duc et la duchesse chez lesquels j’allai le second
TXM_etude_des_moeurs	Henriette, qui me répondait une ou deux	lettres	par mois. Son esprit planait ainsi sur moi, ses pensées
TXM_etude_des_moeurs	eut sans doute la fantaisie de lire mes	lettres	, car il ne fut pas long-temps la dupe de ma vie
TXM_etude_des_moeurs	moyen à savoir l’adresse écrite sur mes	lettres	. J’avais ma liberté. Elle semblait s’être dit :
TXM_etude_des_moeurs	est Abel ? de l’Ecriture. Mes	lettres	restèrent sans réponse. Je fus saisi d’une horrible inquiétude,
TXM_etude_des_moeurs	lesquelles je n’osais m’appesantir. Mes	lettres	à Henriette peignaient cette maladie morale, et lui causaient un mal
TXM_etude_des_moeurs	dans la cheminée les cendres noires de mes	lettres	, qui venaient d’être brûlées, sacrifice qu’elle n’avait
TXM_etude_des_moeurs	écriture avait un charme, je regardais vos	lettres	comme on contemple un portrait. Si dès ce premier jour,
TXM_etude_des_moeurs	pourquoi les reprendre. Cependant je recevais des	lettres	empreintes d’une tendresse vraie ; mais à vingt-deux ans, un
TXM_etude_des_moeurs	il y avait de véritable noblesse dans ces	lettres	où jamais rien de personnel ne se mêlait à l’expression des
TXM_etude_des_moeurs	tâchai de conjurer l’orage ; mais mes	lettres	me furent renvoyées sans avoir été ouvertes. Lorsque tous les moyens
TXM_etude_des_moeurs	moi tout le malheur ! " Ces deux	lettres	lues, Genestas et Benassis se regardèrent pendant un moment, en
TXM_etude_des_moeurs	qui savent lire, ce calembourg en douze	lettres	: Au Grand-I-Vert (hiver). A gauche de la porte
TXM_etude_des_moeurs	tous les jours. Tantôt il oubliait les	lettres	dans les cabarets, tantôt il les gardait sur lui. Quand
TXM_etude_des_moeurs	il était à jeun, il lisait les	lettres	. Il fut donc promptement destitué. Ne pouvant rien être dans
TXM_etude_des_moeurs	la place de directeur de la poste aux	lettres	. La poste aux chevaux de La-Ville-aux-Fayes appartenait à monsieur Vigor l’
TXM_etude_des_moeurs	on accuse ce temps d’avoir négligé les	lettres	! … Consultez le Journal de la Librairie, et vous y
TXM_etude_des_moeurs	se dit -elle en regardant une dizaine de	lettres	cachetées, elle en lut les adresses : A messieurs Farry,
TXM_etude_des_moeurs	pensa-t -elle. Ses yeux tombèrent sur deux	lettres	ouvertes. Ces mots qui en commençaient une : « Ma chère
TXM_etude_des_moeurs	la clarté du plat, la richesse des	lettres	dont les vives arêtes n'étaient pas encore rayées. Mais elle
TXM_etude_des_moeurs	frottant les yeux. --J'ai lu ces deux	lettres	. Charles rougit. --Comment cela s'est -il fait ? reprit
TXM_etude_des_moeurs	pas trop me repentir d'avoir lu ces	lettres	, puisqu'elles m'ont fait connaître votre cœur, votre âme
TXM_etude_des_moeurs	. Au second déjeuner, Charles reçut des	lettres	de Paris, et les lut. --Hé ! bien, mon
TXM_etude_des_moeurs	se frottant les mains à la lecture des	lettres	que lui écrivait à ce sujet des Grassins. Quelques autres ne
TXM_etude_des_moeurs	chose en comparaison et de la pureté des	lettres	et de la tête et de l’ancienneté du coin. Ces
TXM_etude_des_moeurs	qui traitent assez cavalièrement les sciences et les	lettres	, les arts et la poésie, tous les talents dont la
TXM_etude_des_moeurs	de cachet. — Ils ont supprimé les	lettres	de cachet, dit le Chevalier. Quand on a essayé de
TXM_etude_des_moeurs	pas mêlé des recommandations héraldiques, ni des	lettres	aux puissances du jour ; mais il avait passé la nuit à
TXM_etude_des_moeurs	de la vraie comédie. Victurnien reçut des	lettres	charmantes de son père, de sa tante, du Chevalier qui
TXM_etude_des_moeurs	une dette d’honneur. — Tirez quelques	lettres	de change sur le banquier de votre père, portez -les à
TXM_etude_des_moeurs	Armande d’Esgrignon. Puis il écrivit deux	lettres	attendrissantes à Chesnel et à sa tante. Quand il s’agit
TXM_etude_des_moeurs	. Son valet de chambre lui remit deux	lettres	. D’abord une lettre de Chesnel, qui sentait le rance
TXM_etude_des_moeurs	faire déposer à l’avance l’argent des	lettres	de change qu’il daignerait tirer sur lui. Cette lettre finissait
TXM_etude_des_moeurs	mille écus par Chesnel ; il écrivit des	lettres	mensongères à son pauvre père et à sa tante qui vivaient heureux
TXM_etude_des_moeurs	de l’argent avancé à monsieur Victurnien en	lettres	de change tirées sur lui, acquittées, et desquelles il réclamait
TXM_etude_des_moeurs	maison d’Esgrignon. Chesnel mania ces fatales	lettres	une à une, en demandant le secret à l’ennemi de
TXM_etude_des_moeurs	n’y mettons ordre. Il montra les	lettres	de change, il peignit les tortures qu’il avait subies depuis
TXM_etude_des_moeurs	banquiers. Ces sommes, représentées par des	lettres	de change, allaient se dresser devant lui dans toute leur rigueur
TXM_etude_des_moeurs	il fallait fuir, les poursuites pour des	lettres	de change données à des usuriers étaient arrivées au dernier terme.
TXM_etude_des_moeurs	du roi, et non sur ses véritables	lettres	de change qui se remuaient depuis quelques jours sous forme de jugements
TXM_etude_des_moeurs	, la tante pensait aux dettes et aux	lettres	de change. — Vous savez tout, ma tante, lui
TXM_etude_des_moeurs	jeune comte, il y trouva très-heureusement quelques	lettres	de du Croisier et des Keller qui pouvaient devenir utiles. Puis
TXM_etude_des_moeurs	n’avait -il pas tiré sur lui des	lettres	de change avec ou sans avis ? — N’avait -il pas
TXM_etude_des_moeurs	la vie était adonnée aux sciences, aux	lettres	, à la politique et la philosophie ; il fut donc blessé
TXM_etude_des_moeurs	d'abonnement_, imprimés sur la porte en	lettres	noires, et par le mot _Caisse_ écrit à la main et
TXM_etude_des_moeurs	ennuyait à périr à Issoudun, reçut deux	lettres	, la première du grand peintre Schinner dont l'âge lui permettait
TXM_etude_des_moeurs	de remplir de noms et de chiffres des	lettres	tout imprimées et de les expédier, de faire des polices d'
TXM_etude_des_moeurs	put tenir une plume, il écrivit les	lettres	suivantes : « A monsieur Desroches, avoué. » J'ai
TXM_etude_des_moeurs	famille, à laquelle monsieur Mouilleron annexa des	lettres	du Maire, du Sous-Préfet et du commissaire de police d'Issoudun
TXM_etude_des_moeurs	, n'est -ce pas la Poste aux	lettres	? L'esprit de la Poste, incomparablement au-dessus de l'esprit
TXM_etude_des_moeurs	employés, qui souvent sont des gens de	lettres	, et qui se mettent alors à la recherche de l'Inconnu
TXM_etude_des_moeurs	parisienne, avaient employé leur mémoire. Les	lettres	à écrire et à répondre, les factures, les inventaires,
TXM_etude_des_moeurs	revint au logis avec son trésor. Les	lettres	de ces deux pauvres enfants devaient servir de pièces dans un horrible
TXM_etude_des_moeurs	le colonel et Pierrette, de saisir les	lettres	et de confondre les deux amants qui la trompaient. Pierrette,
TXM_etude_des_moeurs	danger, doubla son corset avec ses deux	lettres	et les recouvrit de calicot. Là finirent les amours de Pierrette
TXM_etude_des_moeurs	défit le corset, et lut les deux	lettres	de Brigaut, qui la confondirent. Elle s'endormit dans la
TXM_etude_des_moeurs	laquelle sa conduite devait donner lieu. Les	lettres	envoyées par Brigaut à madame veuve Lorrain l'avaient trouvée dans une
TXM_etude_des_moeurs	du jour où la Poste lui apporta les	lettres	de Brigaut. En donnant sa quittance, son premier mot fut
TXM_etude_des_moeurs	Aussi, quand elle eut lu les fatales	lettres	, s'élança-t -elle dans la ville comme une folle, en
TXM_etude_des_moeurs	!) Mademoiselle Rogron, qui tenait des	lettres	où éclatait la perversité de cette petite fille, n'était pas
TXM_etude_des_moeurs	mobile où se place la _forme_ pleine de	lettres	sur laquelle s'applique la feuille de papier était encore en pierre
TXM_etude_des_moeurs	argot typographique les ouvriers chargés d'assembler les	lettres	appellent un Ours. Le mouvement de va-et-vient, qui ressemble assez
TXM_etude_des_moeurs	continuel exercice qu'ils font pour attraper les	lettres	dans les cent cinquante-deux petites cases où elles sont contenues. A
TXM_etude_des_moeurs	prouvait à ses ignares chalands que les grosses	lettres	coûtaient plus cher à remuer que les fines ; s'agissait -il
TXM_etude_des_moeurs	les agiles mouvements d'un compositeur grapillant ses	lettres	dans les cent cinquante-deux cassetins de sa casse, lisant sa copie
TXM_etude_des_moeurs	Madame de Bargeton aimait les arts et les	lettres	, goût extravagant, manie hautement déplorée dans Angoulême, mais qu'
TXM_etude_des_moeurs	partageaient son goût pour les arts et les	lettres	, celui -ci parce qu'il raclait un violon, celui -là
TXM_etude_des_moeurs	son succès. Il écrivit une de ces	lettres	folles où les jeunes gens opposent le pistolet à un refus,
TXM_etude_des_moeurs	en apercevant la boutique où se lisait en	lettres	jaunes sur un fond vert : _Pharmacie de_ POSTEL, _successeur de_
TXM_etude_des_moeurs	. Les Bourbons aiment tant à favoriser les	lettres	et les arts ! aussi soyez à la fois poète religieux et
TXM_etude_des_moeurs	vous a écrit, renvoyez -lui toutes ses	lettres	, elle sera sensible à ce procédé de gentilhomme ; plus tard
TXM_etude_des_moeurs	sa pauvre chambre, il rassembla toutes les	lettres	de madame de Bargeton, en fit un paquet, le posa
TXM_etude_des_moeurs	ne t'attends pas à recevoir régulièrement mes	lettres	: une des particularités de Paris est qu'on ne sait réellement
TXM_etude_des_moeurs	un article de son programme imprimé en grosses	lettres	dans les affiches de ses concurrents et ainsi conçu : PAIN A
TXM_etude_des_moeurs	Il avait lu sur l'enseigne en grosses	lettres	: VIDAL ET PORCHON, _libraires-commissionnaires pour la France et l'étranger_
TXM_etude_des_moeurs	déjà passé, sur laquelle étaient peints en	lettres	jaunes, sur un fond vert, ces mots : DOGUEREAU,
TXM_etude_des_moeurs	. Voilà comment devraient vivre les gens de	lettres	, au lieu de faire ripaille dans les cafés, dans les
TXM_etude_des_moeurs	la facile complaisance avec laquelle les gens de	lettres	accueillent ou pardonnent les trahisons. Ce qui rend les amitiés indissolubles
TXM_etude_des_moeurs	en bois noir sur laquelle sont gravés en	lettres	rouges ces deux noms : MICHEL CHRESTIEN. C'est le seul
TXM_etude_des_moeurs	gens, les étourdis et certains gens de	lettres	que j'ai appris à estimer à leur juste valeur pendant mon
TXM_etude_des_moeurs	c'est passer proconsul dans la république des	lettres	. Qui peut tout dire, arrive à tout faire ! Cette
TXM_etude_des_moeurs	plaisanterie du moment, et une dizaine de	lettres	cachetées. Quand Lucien eut inventorié cet étrange mobilier, eut fait
TXM_etude_des_moeurs	francs la colonne, cinquante lignes à soixante	lettres	sans blancs, voilà. Quant aux rédacteurs, c'est de
TXM_etude_des_moeurs	a pas le malheur d'être homme de	lettres	. —Non, Barbet, non. Monsieur est un poète,
TXM_etude_des_moeurs	... eh ! bien, il a des	lettres	où plusieurs génies en herbe sont à genoux devant lui pour cent
TXM_etude_des_moeurs	cheminée de Coralie. Il avait lu en	lettres	noires imprimées sur le cuir blanc et doux de la doublure l'
TXM_etude_des_moeurs	au sortir du collége tous les gens de	lettres	, auquel ils tiennent tout d'abord, et dont ils se
TXM_etude_des_moeurs	librairie avaient à leur solde un homme de	lettres	pour rédiger ces petits articles où il fallait faire entrer beaucoup d'
TXM_etude_des_moeurs	et tu la signeras DE RUBEMPRÉ en toutes	lettres	. Dans ce dernier article, tu diras : Le propre des
TXM_etude_des_moeurs	vous lui avez marqué en lui renvoyant ses	lettres	! Nous pardonnons les cruautés, il faut encore croire en nous
TXM_etude_des_moeurs	Fendant et Cavalier inséraient -ils bravement en grosses	lettres	, _dans le genre de Walter Scott_. Fendant et Cavalier avaient
TXM_etude_des_moeurs	Lousteau, ce vil épicier a écrit les	lettres	les plus curieuses à Florine : orthographe, style, pensées,
TXM_etude_des_moeurs	les mains des rédacteurs de tel journal des	lettres	où il parle du petit Cupidon, où il écrit _gamet_ pour
TXM_etude_des_moeurs	est-à-dire des espérances. Peut-être garde-t -elle les	lettres	pour elle, et veut -elle une part. Elle est rusée
TXM_etude_des_moeurs	d'un engagement, elle me livrera les	lettres	, que je remettrai contre écus à Finot. Finot donnera la
TXM_etude_des_moeurs	environnée d'un nouvel éclat, livra les	lettres	du droguiste à Nathan, et Nathan les fit racheter par Matifat
TXM_etude_des_moeurs	heures. Lucien écrivit alors une de ces	lettres	épouvantables où les malheureux ne ménagent plus rien. Un soir,
TXM_etude_des_moeurs	frère, tel fut le programme écrit en	lettres	de feu devant ses yeux. Ce patient génie mis par Lucien
TXM_etude_des_moeurs	de cette activité furieuse, vinrent les désolantes	lettres	par lesquelles Lucien apprit à sa mère, à sa sœur et
TXM_etude_des_moeurs	que la littérature, la poésie, les	lettres	et les sciences, que les créations du cerveau ne pouvaient jamais
TXM_etude_des_moeurs	cinquième article comprend le prix des ports de	lettres	et les intérêts légaux de la somme pendant tout le temps qu'
TXM_etude_des_moeurs	suer les écus_. Les seuls ports de	lettres	produisent quelque vingt mille francs à la maison Keller qui correspond avec
TXM_etude_des_moeurs	m'a _lairré_, sans se connaître aux	lettres	, et que j'en eusse fait un _ours_, comme son
TXM_etude_des_moeurs	dorés, au centre desquels on lit en	lettres	noires : HUISSIER. Les deux fenêtres de l'Étude donnant sur
TXM_etude_des_moeurs	par la poste, Basine y jettera tes	lettres	, et je t'écrirai sous son nom. A leur sortie
TXM_etude_des_moeurs	retraite, tandis que Lucien lui écrivait les	lettres	les plus affectueuses en lui disant que sous peu de jours il
TXM_etude_des_moeurs	mademoiselle Clerget avait remis à David les deux	lettres	suivantes en lui disant le motif de la fête dont la musique
TXM_etude_des_moeurs	de tes nouvelles et la réponse à mes	lettres	. Il est d'ailleurs évident que ma sœur ne pouvait compter
TXM_etude_des_moeurs	le trouvant comme lui sans aucune notion des	lettres	ni de l'écriture, et facile à griser. L'ancien
TXM_etude_des_moeurs	l'état d'inventeur. Il cultive les	lettres	par délassement, mais il mène la vie heureuse et paresseuse du
TXM_etude_des_moeurs	. Quant au magistrat, il écrivait des	lettres	de quatre pages auxquelles Dinah répondait par des paroles calmantes en tournant
TXM_etude_des_moeurs	ferme vêtu d'une livrée, apporta les	lettres	, les journaux, et remit un paquet d'épreuves que le
TXM_etude_des_moeurs	se permettait, en qualité de femmes de	lettres	, de fouiller dans tous les tiroirs. Huit jours après,
TXM_etude_des_moeurs	de décembre, Lousteau ne lisait plus les	lettres	de Dinah qui s'accumulèrent dans un tiroir de sa commode toujours
TXM_etude_des_moeurs	, n'as -tu donc pas lu mes	lettres	?... --Si, répondit Lousteau. --Eh ! bien ? --Eh
TXM_etude_des_moeurs	de glorieuses exceptions ; mais ces gens de	lettres	traînent avec eux des maux inouïs, parmi lesquels je compte en
TXM_etude_des_moeurs	, dont la perte récente afflige encore les	lettres	, Beyle (Stendhal) les a, le premier, parfaitement
TXM_etude_des_moeurs	, elle aurait voulu recevoir de lui des	lettres	ou tendres ou furieuses. Dinah ne répondant pas, le magistrat
TXM_etude_des_moeurs	pouvaient plus acquitter, comme jadis, les	lettres	de change tirées sur leurs tapis verts par les Misères au désespoir
TXM_etude_des_moeurs	vous peintre, vous artiste, homme de	lettres	, vous ministre futur, vous chiffrez vos espérances, vous les
TXM_etude_des_moeurs	. Dès 1802, le chevalier cachetait ses	lettres	d'un très-vieux cachet d'or, assez mal gravé, mais
TXM_etude_des_moeurs	reçoit ici, depuis un an, des	lettres	timbrées d'Odessa. Madame Granson frissonna. Monsieur le chevalier de
TXM_etude_des_moeurs	mariage en longueur. Mademoiselle Cormon reçut plusieurs	lettres	anonymes. Elle apprit, à son grand étonnement, que Suzanne
TXM_etude_des_moeurs	de pareilles aventures. Mademoiselle Cormon dédaigna les	lettres	anonymes ; mais elle écrivit à Suzanne, dans le but d'
TXM_etude_des_moeurs	chose en comparaison et de la pureté des	lettres	et de la tête et de l'ancienneté du coin. Ces
TXM_etude_des_moeurs	qui traitent assez cavalièrement les sciences et les	lettres	, les arts et la poésie, tous les talents dont la
TXM_etude_des_moeurs	lettre de cachet. --_Ils_ ont supprimé les	lettres	de cachet, dit le Chevalier. Quand on a essayé de
TXM_etude_des_moeurs	pas mêlé des recommandations héraldiques, ni des	lettres	aux puissances du jour ; mais il avait passé la nuit à
TXM_etude_des_moeurs	de la vraie comédie. Victurnien reçut des	lettres	charmantes de son père, de sa tante, du Chevalier qui
TXM_etude_des_moeurs	d'une dette d'honneur. --Tirez quelques	lettres	de change sur le banquier de votre père, portez -les à
TXM_etude_des_moeurs	Armande d'Esgrignon. Puis il écrivit deux	lettres	attendrissantes à Chesnel et à sa tante. Quand il s'agit
TXM_etude_des_moeurs	. Son valet de chambre lui remit deux	lettres	. D'abord une lettre de Chesnel, qui sentait le rance
TXM_etude_des_moeurs	faire déposer à l'avance l'argent des	lettres	de change qu'il daignerait tirer sur lui. Cette lettre finissait
TXM_etude_des_moeurs	mille écus par Chesnel ; il écrivit des	lettres	mensongères à son pauvre père et à sa tante qui vivaient heureux
TXM_etude_des_moeurs	de l'argent avancé à monsieur Victurnien en	lettres	de change tirées sur lui, acquittées, et desquelles il réclamait
TXM_etude_des_moeurs	maison d'Esgrignon. Chesnel mania ces fatales	lettres	une à une, en demandant le secret à l'ennemi de
TXM_etude_des_moeurs	n'y mettons ordre. Il montra les	lettres	de change, il peignit les tortures qu'il avait subies depuis
TXM_etude_des_moeurs	banquiers. Ces sommes, représentées par des	lettres	de change, allaient se dresser devant lui dans toute leur rigueur
TXM_etude_des_moeurs	il fallait fuir, les poursuites pour des	lettres	de change données à des usuriers étaient arrivées au dernier terme.
TXM_etude_des_moeurs	du roi, et non sur ses véritables	lettres	de change qui se remuaient depuis quelques jours sous forme de jugements
TXM_etude_des_moeurs	, la tante pensait aux dettes et aux	lettres	de change. --Vous savez tout, ma tante, lui dit
TXM_etude_des_moeurs	jeune comte, il y trouva très-heureusement quelques	lettres	de du Croisier et des Keller qui pouvaient devenir utiles. Puis
TXM_etude_des_moeurs	n'avait -il pas tiré sur lui des	lettres	de change avec ou sans avis ? --N'avait -il pas écrit une
TXM_etude_des_moeurs	remarquable en ce que les sciences et les	lettres	avaient passé dans ce cœur et dans cette forte tête sans y
TXM_etude_des_moeurs	sa sœur, directrice de la poste aux	lettres	, autre bienfait du docteur. Néanmoins, pendant l'année,
TXM_etude_des_moeurs	donner sa succession, » éclatait -il en	lettres	de feu dans l'intelligence du plus obtus des héritiers. Le
TXM_etude_des_moeurs	l'espace, à force de jeter les	lettres	, j'atteindrai la combinaison Énéide. » Ces malheureux, qui
TXM_etude_des_moeurs	ami. Elle tenait à la main des	lettres	que l'abbé Chaperon venait de lui rendre après les avoir lues
TXM_etude_des_moeurs	de voyage, dix mille francs et des	lettres	pour l'Allemagne. Nous connaissons Gobseck, Gigonnet et autres crocodiles
TXM_etude_des_moeurs	comtes de Portenduère et de Kergarouët. Les	lettres	que le curé venait de lire et que la pauvre mère tenait
TXM_etude_des_moeurs	Luc-Savinien, comte de PORTENDUÈRE. » --Quelles	lettres	pour une Kergarouët ! s'écria la vieille Bretonne en essuyant ses
TXM_etude_des_moeurs	fut attablé, sa mère lui parla des	lettres	horribles, selon elle, que les Kergarouët et les Portenduère lui
TXM_etude_des_moeurs	jours après, Savinien partit. Malgré les	lettres	qu'il écrivit régulièrement à Ursule, elle fut en proie à
TXM_etude_des_moeurs	Ursule qu'elle vit en rêve chacune des	lettres	de Savinien, et ne manqua jamais à les annoncer le matin
TXM_etude_des_moeurs	versa dans deux cœurs le poison de deux	lettres	anonymes : une à madame de Portenduère et l'autre à Ursule
TXM_etude_des_moeurs	Et elle mit le vieillard au fait des	lettres	anonymes en lui disant qu'elle ne voulait pas autoriser les poursuites
TXM_etude_des_moeurs	avait fait refuser à la poste toutes ses	lettres	. Mais, sans qu'elle eût pu deviner par quel sortilège
TXM_etude_des_moeurs	n'y eut plus de sérénades ni de	lettres	. Savinien attribua l'abandon de ces moyens odieux aux recherches secrètes
TXM_etude_des_moeurs	du Parquet, auquel il avait envoyé les	lettres	reçues par Ursule, celle reçue par sa mère et la sienne
TXM_etude_des_moeurs	excessivement gêné, sur qui Massin avait des	lettres	de change, et qui, par un prompt mariage de sa
TXM_etude_des_moeurs	dix pour cent, vingt mille francs en	lettres	de change, et il n'est sans doute pas content.
TXM_etude_des_moeurs	spectre lui fit voir le spoliateur décachetant les	lettres	, les lisant et les brûlant. --Il n'a pu,
TXM_etude_des_moeurs	autant de séries qu'il y a de	lettres	dans l'alphabet, et chaque numéro porte la lettre de sa
TXM_etude_des_moeurs	rente au porteur ne peuvent point avoir de	lettres	, puisqu'elles ne sont au nom de personne : ainsi ce
TXM_etude_des_moeurs	M (Minoret), des numéros sans	lettres	de trois inscriptions au porteur et de celle d'Ursule Mirouët dont
TXM_etude_des_moeurs	nous attaquer, nous aurions passé comme des	lettres	à la poste, et je ne vois pas à quoi leur
TXM_etude_des_moeurs	de la signature royale. — Voici les	lettres	patentes en vertu desquelles vous devez m’obéir, dit -il.
TXM_etude_des_moeurs	tenait debout devant la cheminée, jeta les	lettres	dans le feu, où elles furent consumées en un clin d’
TXM_etude_des_moeurs	passer, en l’assurant que, sans	lettres	patentes, il serait toujours leur chef. — Allons danser,
TXM_etude_des_moeurs	à mademoiselle de Verneuil, lui présenta des	lettres	dont le papier n’était pas très propre. Le soldat,
TXM_etude_des_moeurs	qui vient d’être fusillé. Parmi les	lettres	interceptées, celle que je vous transmets peut vous être de quelque
TXM_etude_des_moeurs	, et mets tout bonnement _Parfumeries_ en grosses	lettres	d’or. Je place à l’entresol le bureau, la
TXM_etude_des_moeurs	des gens à qui les sciences, les	lettres	étaient indifférentes, et dont l’instruction n’embrassait que des spécialités
TXM_etude_des_moeurs	Constance, à qui Ferdinand avait écrit quelques	lettres	d’amour, aperçut bientôt un changement dans les manières de son
TXM_etude_des_moeurs	. Processif, écrivailleur, il minutait des	lettres	douces et polies à ses locataires ; mais au fond de son
TXM_etude_des_moeurs	L’infatigable pétitionnaire écrivait à cet égard des	lettres	aux journaux que les journaux n’inséraient pas et laissaient sans réponse
TXM_etude_des_moeurs	dans son appartement vide. Molineux recevait des	lettres	anonymes où Gendrin sans doute le menaçait d’un assassinat, le
TXM_etude_des_moeurs	garçons sur qui les femmes mariées tirent des	lettres	de change à vue pour leurs fantaisies : une partie de campagne
TXM_etude_des_moeurs	? dit Popinot. --Et l’homme de	lettres	, s’écria Gaudissart. Finot connaît les _pompes_ et les vanités
TXM_etude_des_moeurs	vendu ses meubles, elle avait signé des	lettres	de change. Afin d’échapper aux poursuites, elle s’était
TXM_etude_des_moeurs	soixante francs par mois, il écrivit des	lettres	captieuses, il flatta tous les amours-propres, il rendit d’immondes
TXM_etude_des_moeurs	Keller gisaient des liasses d’effets, de	lettres	de change, de circulaires commerciales. Keller s’assit et se
TXM_etude_des_moeurs	assit et se mit à signer rapidement les	lettres	qui n’exigeaient aucun examen. --Monsieur, à quoi dois -je
TXM_etude_des_moeurs	son courrier, plein de traites et de	lettres	de commande. A ces mots : Eh ! bien, mon
TXM_etude_des_moeurs	pas l’abattement du maître. --Parmi les	lettres	de ce soir, dit -il, il y en avait une
TXM_etude_des_moeurs	César vit sa femme descendant à Popinot des	lettres	à signer ; il ne put ni retenir ses larmes, ni
TXM_etude_des_moeurs	allumée, les fantômes noirs et agités de	lettres	brûlées sur le carreau firent frissonner Popinot qui, doué d’une
TXM_etude_des_moeurs	enfantillage : du Tillet m’avait écrit trois	lettres	d’amour, qui le peignaient si bien, dit -elle en
TXM_etude_des_moeurs	homme trop loyal pour avoir recours à des	lettres	anonymes qui troubleraient votre repos, j'ai préféré vous parler.
TXM_etude_des_moeurs	coups. Puis tu me montreras toutes les	lettres	qui seraient adressées ici, n'importe à qui ! --Ainsi,
TXM_etude_des_moeurs	mort, reprit Ferragus. Les deux fatales	lettres	qui nous ont coûté si cher n'existent plus. Je redeviendrai
TXM_etude_des_moeurs	des intérêts. Quelques hommes illustres dans les	lettres	, les triomphes de la tribune, monsieur de Talleyrand dans les
TXM_etude_des_moeurs	ne pourrait exprimer. Elle déchira autant de	lettres	qu'elle en écrivit, et fit mille suppositions impossibles. A
TXM_etude_des_moeurs	. Restée seule, elle vit ses quatorze	lettres	posées sur un vieux guéridon ; elles n'étaient ni froissées,
TXM_etude_des_moeurs	votre insu ; j'y ai repris mes	lettres	. Oh ! Armand, de vous à moi, ce ne
TXM_etude_des_moeurs	! j'ai repris chez vous toutes mes	lettres	, je les jette au feu ! Elles brûlent. Tu ne
TXM_etude_des_moeurs	, l'heure à laquelle se distribuent les	lettres	. Afin de pouvoir espionner à son aise et rôder autour de
TXM_etude_des_moeurs	est absente, répondit le facteur. Ses	lettres	sont retournées sur Londres. --La marquise n'est donc pas une
TXM_etude_des_moeurs	idée du monde. Cette fille reçoit des	lettres	de Londres, il faut acheter ou griser le facteur, décacheter
TXM_etude_des_moeurs	sans doute connaître la personne qui écrit les	lettres	venant de Londres et ne s'en défie plus. Le lendemain
TXM_etude_des_moeurs	cachet et à la cire qui cachetaient les	lettres	envoyées de Londres à mademoiselle Valdès, du papier pareil à celui
TXM_etude_des_moeurs	milord Édouard, par lesquelles sont terminées les	lettres	de la _Nouvelle-Héloïse_. Si Rousseau s'est évidemment inspiré de l'
TXM_etude_des_moeurs	se fait -il donc que tu reçoives des	lettres	de Londres ? --Mes lettres ! tiens, les voici ! dit
TXM_etude_des_moeurs	tu reçoives des lettres de Londres ? --Mes	lettres	! tiens, les voici ! dit -elle en allant prendre quelques
TXM_etude_des_moeurs	Japon. Elle tendit à de Marsay des	lettres	où le jeune homme vit avec surprise des figures bizarres semblables à
TXM_etude_des_moeurs	m’a souscrit pour vingt-cinq mille francs de	lettres	de change ! Et tout cela pour une femme qui me trompe
TXM_etude_des_moeurs	cuisinière. — Samanon ne veut prendre tes	lettres	de change qu’à cinquante pour cent, et demande en garantie
TXM_etude_des_moeurs	le soleil ; elle ne recevait jamais de	lettres	, ni de visites, elle ne voisinait point. C’était
TXM_etude_des_moeurs	artistes, des cabotins, des gens de	lettres	… J’ai été joué ! Je pardonnerai, car Héloïse m’
TXM_etude_des_moeurs	, de lui négocier trente mille francs de	lettres	de change, à quatre-vingt-dix jours, en s’engageant à les
TXM_etude_des_moeurs	célébrité de son talent lui a valu des	lettres	de petite naturalité. » Ainsi, malgré la détresse effroyable du
TXM_etude_des_moeurs	, dont la corruption était pour le maire	lettres	closes, en le voyant surtout si profondément méprisé par Valérie,
TXM_etude_des_moeurs	Vauvinet, a pour soixante mille francs de	lettres	de change de mon père, et veut le poursuivre ! J’
TXM_etude_des_moeurs	. Ce Vauvinet a renouvelé onze fois les	lettres	de change ; ainsi jugez des sommes que mon père a payées
TXM_etude_des_moeurs	affaires, on commence à causer de certaines	lettres	de change souscrites à un petit usurier dont la spécialité consiste à
TXM_etude_des_moeurs	cela. Les Hulot jeune ont racheté les	lettres	de change du baron à Vauvinet, ils souscrivent demain une obligation
TXM_etude_des_moeurs	sont engagés pour retirer soixante-douze mille francs de	lettres	de change souscrites pour cette vaurienne … Oui, maman, on
TXM_etude_des_moeurs	madame ? tâchez d’avoir de lui des	lettres	où il vous parle de son bonheur, car il se fait
TXM_etude_des_moeurs	ce que l’amour déclame ordinairement dans ces	lettres	testamentaires. Le cœur s’exhalait en interjections, en plaintes,
TXM_etude_des_moeurs	quand il eut achevé de lire les deux	lettres	, il éprouva comme un sentiment de joie mêlé de tristesse.
TXM_etude_des_moeurs	pour avoir retiré les soixante mille francs de	lettres	de change de Vauvinet, et certes, cet argent est dans
TXM_etude_des_moeurs	secrètement demandés depuis deux mois pour payer ses	lettres	de change, il laissa sa famille, et courut dans l’
TXM_etude_des_moeurs	deux jours pour vous exécuter. Voici des	lettres	… — Des lettres ! … cria le baron en interrompant Marneffe
TXM_etude_des_moeurs	exécuter. Voici des lettres … — Des	lettres	! … cria le baron en interrompant Marneffe. — Oui,
TXM_etude_des_moeurs	en interrompant Marneffe. — Oui, des	lettres	qui prouvent que l’enfant que ma femme porte en ce moment
TXM_etude_des_moeurs	le baron souscrivit pour douze mille francs de	lettres	de change. Le lendemain, le fatal procès-verbal, la plainte
TXM_etude_des_moeurs	procès-verbal, la plainte du mari, les	lettres	, tout fut anéanti. Les scandaleuses promotions du sieur Marneffe,
TXM_etude_des_moeurs	corps dans quelques jours, à cause des	lettres	de change souscrites à Vauvinet … Ainsi, je dois m’absenter
TXM_etude_des_moeurs	pis que cela ! sous le coup de	lettres	de change … — Pauvre vieux ! c’est bien des sans
TXM_etude_des_moeurs	de l’esprit. — Il a des	lettres	de change à craindre. — Ah ! vous recevrez, dit
TXM_etude_des_moeurs	de Paris. Pendant ce temps, les	lettres	de change de Vauvinet furent payées, et la pension de six
TXM_etude_des_moeurs	Il s’agissait de dix mille francs de	lettres	de change souscrites au profit d’un usurier nommé Samanon, et
TXM_etude_des_moeurs	à qui leur plaisait, recevaient tranquillement des	lettres	, à côté de leur mère, sans que jamais la baronne
TXM_etude_des_moeurs	Ces deux amants s’écrivaient les plus stupides	lettres	du monde, en se renvoyant sur du papier parfumé des mots
TXM_etude_des_moeurs	était opérée, sans autres procédés que les	lettres	par lesquelles chacun demandait l’emploi de son argent en valeurs désignées
TXM_etude_des_moeurs	, quelques personnes furent très-étonnées de recevoir des	lettres	de Genève, de Bâle, de Milan, de Naples,
TXM_etude_des_moeurs	sien, et plus tard il aura des	lettres	de naturalité. Si je deviens pair de France, il me
TXM_etude_des_moeurs	, si monsieur de Marville pouvait obtenir des	lettres	de grande naturalité (le ministère lui devait bien un petit bout
TXM_etude_des_moeurs	sur le palier, vous verrez imprimé en	lettres	d’or : CABINET DE MONSIEUR FRAISIER, sur un petit carré
TXM_etude_des_moeurs	ignorent encore que la qualification d’homme de	lettres	est la plus cruelle injure qu’on puisse faire à un auteur
TXM_etude_des_moeurs	la justice, ce que l’homme de	lettres	est à la littérature. Dans toutes les professions, en France
TXM_etude_des_moeurs	Le mépris qui frappe les mots homme de	lettres	et homme de loi s’arrête au pluriel. On dit très
TXM_etude_des_moeurs	très bien sans blesser personne les gens de	lettres	, les gens de loi. Mais, à Paris, chaque
TXM_etude_des_moeurs	bien difficilement l’argent de ses ports de	lettres	à la fin du mois. Cette réponse suffit à l’intelligente
TXM_etude_des_moeurs	ordre interdisent à un avocat de souscrire des	lettres	de change, je vous en ferai un reçu portant intérêt à
TXM_etude_des_moeurs	fils de famille ! il va inventer des	lettres	de change ! Il faut finir roide ! ce Fraisier ne voit
TXM_etude_des_moeurs	le livre et lut au dos, en	lettres	d’or : IMITATION DE JÉSUS-CHRIST. La naïveté de cette vieille
TXM_etude_des_moeurs	; mais il trouva ce conseil gravé en	lettres	d’or sur le maroquin vert de la couverture : NE CHERCHEZ
TXM_etude_des_moeurs	point, vous ne répondez point à mes	lettres	; je ne conçois rien à votre conduite, et si je
TXM_etude_des_moeurs	la mort. Vous m’avez écrit des	lettres	qui, de moi, dans la même situation, vous eussent
TXM_etude_des_moeurs	indiqua du doigt à Godefroid une inscription en	lettres	d’or sur un fond [fonds] noir que le nouveau
TXM_etude_des_moeurs	eut le courage d’écrire une vingtaine de	lettres	datées de six mois en six mois postérieurement à son exécution,
TXM_etude_des_moeurs	maladie imaginaire jusqu’à la mort. Ces	lettres	embrassaient un laps de temps de deux années. Madame de La
TXM_etude_des_moeurs	le fisc, répondit le bonhomme. Les	lettres	de grâce expédiées pour madame la baronne et sa servante contiennent le
TXM_etude_des_moeurs	, monsieur, ces deux pauvres gens de	lettres	sont sous le coup de lettres de change, poursuivis par des
TXM_etude_des_moeurs	gens de lettres sont sous le coup de	lettres	de change, poursuivis par des créanciers, ils se cachent,
TXM_etude_des_moeurs	quinze cents francs, représentés aujourd’hui par trois	lettres	de change de mille francs, et ces trois mille francs sont
TXM_etude_des_moeurs	je ne peux disposer qu’en remboursant les	lettres	de change, et les lettres de change sont protestées, il
TXM_etude_des_moeurs	remboursant les lettres de change, et les	lettres	de change sont protestées, il y a jugement contradictoire … Voilà
TXM_etude_des_moeurs	, Morand me proposait mille écus et mes	lettres	de change acquittées pour la toute propriété … Comme je ne saurais
TXM_etude_des_moeurs	voulu, pour plus de garantie, des	lettres	de change protestées, et arrivées à l’exercice de la contrainte
TXM_etude_des_moeurs	, Léon fit lire à Gazonal, en	lettres	d’or, le nom illustre de VITAL, SUCCESSEUR DE FINOT
TXM_etude_des_moeurs	par trimestre, en avances et ports de	lettres	, sans compter les loyers dus. C’est la Providence …
TXM_etude_des_moeurs	et madame Ravenouillet tenait à la main des	lettres	à monter pour les locataires. — Merci, monsieur Bixiou !
TXM_etude_des_moeurs	jours. Les artistes, les gens de	lettres	, les journalistes, les habitués de la maison y mangeaient.
TXM_etude_des_moeurs	. Madame Jenny Cadine a de moi des	lettres	de change pour plus d’argent que je n’ai de bien
TXM_etude_des_moeurs	s’écria Léon en tendant à Gazonal ses	lettres	de change. Gazonal regardait ces papiers d’un air hébété.
TXM_etude_des_moeurs	l’intérieur, concerne les arts, les	lettres	et les grâces : toute protection devait découler immédiatement du souverain,
TXM_etude_des_moeurs	dissimulation, les opinions de Rabourdin étaient donc	lettres	closes pour des Lupeaulx. Le Chef de bureau voyait avec peine
TXM_etude_des_moeurs	. Quand on pense au nombre infini de	lettres	qu’il doit décacheter et lire, outre ses occupations, n’
TXM_etude_des_moeurs	lesquelles ils ont filé un roman émaillé de	lettres	stupides, mais qui ont produit leur effet. Ces commis sont
TXM_etude_des_moeurs	le mieux mystifier : il lui adressait des	lettres	de femme amoureuse signées Comtesse de M... ou Marquise de B
TXM_etude_des_moeurs	dans la phrase que donnait la combinaison des	lettres	de ses nom, prénoms et qualités. Depuis l’avénement de
TXM_etude_des_moeurs	prétendait que l’anagramme était un calembour en	lettres	. Colleville, homme plein de cœur, lié presqu’indissolublement à Thuillier
TXM_etude_des_moeurs	en législation, il ne signait point de	lettres	de change, et avait lui -même mis sur son traitement des
TXM_etude_des_moeurs	errera. Decede à Gorix. Toutes les	lettres	y sont ! (_Il répète. _) A Henri cinq
TXM_etude_des_moeurs	en grand homme inconnu. Un homme de	lettres	est professeur de quelque chose, ou journaliste à cent francs pour
TXM_etude_des_moeurs	sait maintenant où sont placés son papier à	lettres	, ses enveloppes, son bois, toutes ses affaires. Mon
TXM_etude_des_moeurs	l’intérieur, concerne les arts, les	lettres	et les grâces : toute protection devait découler immédiatement du souverain,
TXM_etude_des_moeurs	dissimulation, les opinions de Rabourdin étaient donc	lettres	closes pour des Lupeaulx. Le Chef de bureau voyait avec peine
TXM_etude_des_moeurs	. Quand on pense au nombre infini de	lettres	qu’il doit décacheter et lire, outre ses occupations, n’
TXM_etude_des_moeurs	lesquelles ils ont filé un roman émaillé de	lettres	stupides, mais qui ont produit leur effet. Ces commis sont
TXM_etude_des_moeurs	le mieux mystifier : il lui adressait des	lettres	de femme amoureuse signées Comtesse de M … ou Marquise de B
TXM_etude_des_moeurs	dans la phrase que donnait la combinaison des	lettres	de ses nom, prénoms et qualités. Depuis l’avénement de
TXM_etude_des_moeurs	prétendait que l’anagramme était un calembour en	lettres	. Colleville, homme plein de cœur, lié presqu’indissolublement à Thuillier
TXM_etude_des_moeurs	en législation, il ne signait point de	lettres	de change, et avait lui -même mis sur son traitement des
TXM_etude_des_moeurs	errera. Decede à Gorix. Toutes les	lettres	y sont ! (Il répète.) À Henri cinq cédera
TXM_etude_des_moeurs	en grand homme inconnu. Un homme de	lettres	est professeur de quelque chose, ou journaliste à cent francs pour
TXM_etude_des_moeurs	sait maintenant où sont placés son papier à	lettres	, ses enveloppes, son bois, toutes ses affaires. Mon
TXM_etude_des_moeurs	la machine ministérielle, il cultiva peu les	lettres	, encore moins les arts, il acquit une connaissance routinière de
TXM_etude_des_moeurs	actrices, les peintres, les gens de	lettres	, quelques gens riches. L’élégance de madame Colleville allait de
TXM_etude_des_moeurs	en marbre blanc sur laquelle se lisait en	lettres	d’or : Aurea mediocritas. Sous le méridien tracé dans un
TXM_etude_des_moeurs	que je suis avocat, je dois des	lettres	de change … Mais … motus ! … dit Théodose, effrayé
TXM_etude_des_moeurs	-tu me signer pour cinquante mille francs de	lettres	de change en te donnant la qualité d’avocat ? … —
TXM_etude_des_moeurs	-là. — Vous pouvez bien payer vos	lettres	de change ! Par ce seul coup d’œil, Desroches qui
TXM_etude_des_moeurs	et je te remettrai une des cinq autres	lettres	de change acquittée. Tu ne me trouveras plus sur ton chemin
TXM_etude_des_moeurs	avertir du danger que vingt mille francs de	lettres	de change font courir au jeune avocat ? … Une heure après
TXM_etude_des_moeurs	encadrés avaient des étiquettes où se lisaient en	lettres	noires sur fond d’or : RUBENS. _Danse de faunes et
TXM_etude_des_moeurs	des blessures au dos pour effacer les fatales	lettres	, et changea son visage à l’aide de réactifs chimiques.
TXM_etude_des_moeurs	discrète comme le rictus d’une boîte à	lettres	. Calme comme un sauvage, les mains hâlées, Contenson,
TXM_etude_des_moeurs	L’épicière recevait d’autant plus complaisamment les	lettres	et les paquets adressés à ces trois paisibles ménages, que le
TXM_etude_des_moeurs	d’épiceries était pourvu d’une boîte aux	lettres	. Sans ces détails, les étrangers et ceux à qui Paris
TXM_etude_des_moeurs	il manque au moins les trois quarts des	lettres	. --_Gommand se nomme la phâme te jampre ? _ demanda-t -il
TXM_etude_des_moeurs	. Après avoir antidaté de six mois les	lettres	de change, l’abbé les fit tirer sur Esther par un
TXM_etude_des_moeurs	d’affaires en rendant au faux Anglais les	lettres	de change acquittées et en règle. --... Je crois que
TXM_etude_des_moeurs	remplir les sommes en chiffres et en toutes	lettres	pour en faire des mandats payables au porteur. --Ce n’est
TXM_etude_des_moeurs	bedide_, s’écria-t -il en voyant les	lettres	de change et s’adressant à Esther, _fus edes la ficdime
TXM_etude_des_moeurs	chirographaire. Les banquiers ne croient qu’aux	lettres	de change. Donc, le Loup-cervier se leva, dans un
TXM_etude_des_moeurs	qui vous est arrivé à la réception des	lettres	de cette fille touche plus une femme que des millions dépensés,
TXM_etude_des_moeurs	des millions dépensés, ou que toutes les	lettres	, tant belles soient -elles ; tâchez qu’elle l’apprenne indirectement
TXM_etude_des_moeurs	à cet espion femelle les terribles résultats des	lettres	écrites par la maîtresse de monsieur le baron. --Monsieur doit bien
TXM_etude_des_moeurs	abord. --Je partage ton opinion sur les	lettres	anonymes, mon cher Ferdinand, dit le duc de Chaulieu après
TXM_etude_des_moeurs	en servir. Il en est de ces	lettres	, absolument comme des espions. Ferme ta porte à ce garçon
TXM_etude_des_moeurs	ne lui avait pas écrit plus de six	lettres	. Sa première visite à la Verberie eut lieu lors de la
TXM_etude_des_moeurs	au crayon et surtout une phrase tracée en	lettres	majuscules, c’est-à-dire avec des lignes pour ainsi dire mathématiques,
TXM_etude_des_moeurs	lignes pour ainsi dire mathématiques, puisque les	lettres	capitales se composent uniquement de courbes et de droites, dans lesquelles
TXM_etude_des_moeurs	, dit -elle, avez vous trouvé ces	lettres	dont vous me parliez hier, et sans lesquelles vous ne pouviez
TXM_etude_des_moeurs	d’azur (la croix fut fleurdelysée par	lettres	patentes de Charles IX), sommé d’une couronne de comte
TXM_etude_des_moeurs	les jours, je ne lis pas ses	lettres	, elle s’en est aperçue, elle écrit toujours ! Tenez
TXM_etude_des_moeurs	écrit toujours ! Tenez, voilà deux cents	lettres	dans ce coffre. Elle me prie de prendre chaque jour une
TXM_etude_des_moeurs	prie de prendre chaque jour une de ses	lettres	pour essuyer mes rasoirs, et je n’y manque pas !
TXM_etude_des_moeurs	une autre lettre qui était bien supérieure aux	lettres	factices tant étudiées que nous tâchons de faire, nous autres auteurs
TXM_etude_des_moeurs	lisez, dit -il en tendant deux autres	lettres	à Antonin. — C’est bien, monsieur le comte,
TXM_etude_des_moeurs	le comte, dit Goulard en rendant les	lettres	. — Récapitulez toutes les voix dont peut disposer le ministère,
TXM_etude_des_moeurs	de Clichy ou à l’étranger par quelques	lettres	de change intraitables, il tombait dans le précipice où l’on
TXM_etude_des_moeurs	tout un dossier, vous trouverez là deux	lettres	écrites à Gondreville pour vous. Vous avez été page, il
TXM_etude_des_moeurs	du conseil. S’il vous faut des	lettres	, des pouvoirs, des recommandations, écrivez -moi. — Et
TXM_etude_des_moeurs	passer sous les yeux du lecteur. Ces	lettres	doivent être lues avec attention. En remettant en scène bien des
TXM_etude_des_moeurs	, beaucoup d’artistes et de gens de	lettres	, et, pour vous donner une idée de la manière dont
TXM_etude_des_moeurs	dura la floraison de leur mariage, les	lettres	de Marie-Gaston allèrent de plus en plus s’espaçant ; et pas
TXM_etude_des_moeurs	la connaissance de quelques journalistes et hommes de	lettres	, tous gens aimables et distingués, avec lesquels il y a
TXM_etude_des_moeurs	Jacques Bricheteau avait assez fréquemment reçu de volumineuses	lettres	, qu’attendu l’élévation de leur port on pouvait supposer adressées
TXM_etude_des_moeurs	! par exemple, ajouta-t -il, les	lettres	n’y sont pas ; j’ai pensé que vous me permettriez
TXM_etude_des_moeurs	les garder. — Ce portefeuille, des	lettres	, tout ceci, monsieur, est une énigme pour moi.
TXM_etude_des_moeurs	mis dans les mains un petit paquet de	lettres	liées par une faveur rose : Je pense, continua-t -il,
TXM_etude_des_moeurs	le malentendu va cesser. Je regardai ces	lettres	, elles n’étaient point timbrées de la poste et portaient toutes
TXM_etude_des_moeurs	moi ; vous avez en votre possession des	lettres	qui semblent m’appartenir, sans m’être jamais parvenues. —
TXM_etude_des_moeurs	Mais, monsieur, demandai -je, les	lettres	, de qui sont -elles donc ? qui me les aurait adressées
TXM_etude_des_moeurs	aurait adressées ? — De qui sont ces	lettres	? s’écria monsieur de Lanty, d’un accent qui quittait
TXM_etude_des_moeurs	, répondis -je, m’aurait écrit ces	lettres	? Il y a alors quelque chose de bien simple : qu’
TXM_etude_des_moeurs	monsieur l’abbé, ce portefeuille, ces	lettres	qui, dans la scène d’hier, ont joué un rôle
TXM_etude_des_moeurs	. Elle passa la nuit à écrire les	lettres	qui vous ont été montrées. Des papiers différents, l’écriture
TXM_etude_des_moeurs	rien ne fut oublié par elle. Ces	lettres	écrites, elles furent placées dans ce portefeuille que monsieur de Lanty
TXM_etude_des_moeurs	réellement pour moi le sentiment qu’exprimaient ses	lettres	; elle aurait fait l’enfantillage de les écrire, sans toutefois
TXM_etude_des_moeurs	, reviens au moins à la carrière des	lettres	où déjà tu avais marqué ta place, et demande à ton
TXM_etude_des_moeurs	à nouvel ordre, je t’adresserai tes	lettres	chez moi ; si tu ne te décides pas à y loger
TXM_etude_des_moeurs	, sur l’observation qu’une de mes	lettres	en faisait à monsieur votre père, il se résolut à hâter
TXM_etude_des_moeurs	trouble d’esprit qu’accusait une de ses	lettres	, où il me faisait part d’une grande révolution arrivée dans
TXM_etude_des_moeurs	début dans le pays, muni de quelques	lettres	d’introduction, l’agent de la politique ministérielle commença par recevoir
TXM_etude_des_moeurs	de se mettre à table, défiler les	lettres	d’excuses que Sallenauve avait ordonné de lui apporter au salon,
TXM_etude_des_moeurs	faites l’honneur de me dire que mes	lettres	vous amusent, et vous m’engagez à ne pas craindre de
TXM_etude_des_moeurs	frappée du ton léger et moqueur de ses	lettres	, dont j’ai entrevu quelques passages ? Ce n’est pas
TXM_etude_des_moeurs	vous ai rapportées. Puis, en grosses	lettres	: « L’ÉMEUTE A ÉTÉ VAINCUE : À QUI PROFITERA-T-ELLE ?
TXM_etude_des_moeurs	à pied, dans la première boîte aux	lettres	qu’il trouva sur son chemin, il jeta sa singulière missive
TXM_etude_des_moeurs	déjà onze solliciteurs, l’attendant avec des	lettres	d’audience, plus deux pairs de France et sept députés.
TXM_etude_des_moeurs	Bourse, journalistes, artistes, gens de	lettres	, j’attèlerais tout cela à me sortir du bourbier, en
TXM_etude_des_moeurs	Camps, j’ai lu et relu vos	lettres	; vous étiez là, plus naturelle et moins ergoteuse, et
TXM_etude_des_moeurs	passer la frontière, et viendra chercher les	lettres	que j’ai écrites au duc de Langeais et au marquis de
TXM_etude_des_moeurs	son accent. Quand vous aurez lu les	lettres	qui y sont, vous aurez, malgré votre infamie, honte
TXM_etude_des_moeurs	le tapis de la table à jouer trois	lettres	et deux mèches de cheveux. Il allait sourire en regardant Corentin
TXM_etude_des_moeurs	était affreux. Peyrade dépliait les deux autres	lettres	. — Oh ! quant à celles -ci, reprit Laurence,
TXM_etude_des_moeurs	en interrompant Laurence et mettant par précaution les	lettres	entre lui et la lumière pour vérifier si elles ne contenaient pas
TXM_etude_des_moeurs	Oui, dit Laurence qui replia les précieuses	lettres	dont le papier avait jauni. Mais en vertu de quel droit
TXM_etude_des_moeurs	demanda sur-le-champ à Marthe si elle avait des	lettres	de son mari pour pouvoir comparer les écritures. Marthe alla chez
TXM_etude_des_moeurs	pays le plus spirituel du monde écrit en	lettres	infâmes cette infâme sentence : Il faut se dévouer à temps !
TXM_etude_des_moeurs	qui se voyait sur l’adresse de ses	lettres	, et qu’il n’oubliait jamais dans sa signature, cette
TXM_etude_des_moeurs	est dans l’assemblage fantastique de ces sept	lettres	. Sept ! le plus significatif des nombres cabalistiques. L’homme
TXM_etude_des_moeurs	aller à Lucerne chercher les bagages et leurs	lettres	. Léopold apporta la plus funeste, la plus horrible nouvelle :
TXM_etude_des_moeurs	, à Gina, puis un paquet de	lettres	à Francesca qui se mit à les lire en faisant un geste
TXM_etude_des_moeurs	étudiant les sciences, les arts et les	lettres	. Mais elle prit dans l'étude ce goût d'indépendance et
TXM_etude_des_moeurs	? demanda Mariette. --Je veux voir les	lettres	que monsieur Savaron fera mettre à la poste par Jérôme. --Mais
TXM_etude_des_moeurs	mais sans les abandonner. Oh ! quelles	lettres	empreintes de rage ne lui ai -je pas écrites alors, à
TXM_etude_des_moeurs	! aurais -je pu vivre sans ces chères	lettres	qui, depuis onze ans, m'ont soutenu dans ma voie
TXM_etude_des_moeurs	de ces péchés sans dire à qui les	lettres	appartenaient, ni où elles allaient. J'ai eu tort,
TXM_etude_des_moeurs	. Les arts, les sciences, les	lettres	, le chant, la musique, lui ont pris la moitié
TXM_etude_des_moeurs	à son service, de lui remettre les	lettres	qu'Albert enverrait en Italie et les lettres qui viendraient pour lui
TXM_etude_des_moeurs	lettres qu'Albert enverrait en Italie et les	lettres	qui viendraient pour lui de ce pays. Et tout en machinant
TXM_etude_des_moeurs	formidable. Mademoiselle de Watteville avait supprimé les	lettres	d'Albert à la duchesse, et celle par laquelle Francesca annonçait
TXM_etude_des_moeurs	la duchesse ne lui avait écrit que deux	lettres	, celle où elle lui apprenait le danger du duc d'Argaiolo
TXM_etude_des_moeurs	elle était veuve, deux nobles et sublimes	lettres	que Philomène garda. Après avoir travaillé pendant plusieurs nuits, Philomène
TXM_etude_des_moeurs	parfaitement l'écriture d'Albert. Aux véritables	lettres	de cet amant fidèle, elle avait substitué trois lettres dont les
TXM_etude_des_moeurs	cet amant fidèle, elle avait substitué trois	lettres	dont les brouillons communiqués au vieux prêtre le firent frémir, tant
TXM_etude_des_moeurs	avec elle -même, Philomène. Les deux	lettres	avaient dû se croiser et s'étaient croisées. L'esprit infernal
TXM_etude_des_moeurs	croisées. L'esprit infernal avec lequel les	lettres	furent écrites, surprit tellement le vicaire-général qu'il les relut.
TXM_etude_des_moeurs	duchesse d'Argaiolo, est venu redemander les	lettres	et les portraits de sa fille. Voilà le coup de foudre
TXM_etude_des_moeurs	répondit le vicaire-général. Confiez -moi les véritables	lettres	et les fausses, faites -moi vos aveux bien en détail,
TXM_etude_des_moeurs	où Philomène lui remit en main toutes les	lettres	d'Albert, celle écrite par le vicaire-général à Léopold Hannequin ainsi
TXM_etude_des_moeurs	qu'elle et qui ne publient pas leurs	lettres	. Que la femme française s'appelle _femme comme il faut_ ou
TXM_etude_des_moeurs	les voyageurs, les marchandises et peut-être les	lettres	de Saint-Nazaire à Guérande, et réciproquement. Bernus le voiturier était
TXM_etude_des_moeurs	lisent comme dans un livre noir où les	lettres	sont blanches, et dans l'âme desquels tout son retentit comme
TXM_etude_des_moeurs	. Le directeur de la poste recevait des	lettres	adressées à Camille Maupin, aux Touches. Enfin, le voile
TXM_etude_des_moeurs	elle m'a plusieurs fois écrit, ses	lettres	sont ravissantes d'amitié ; la pauvre enfant s'est attachée à
TXM_etude_des_moeurs	pour ne pas être l'élixir de plusieurs	lettres	essayées, rejetées, recomposées. Voici celle à laquelle s'arrêta
TXM_etude_des_moeurs	de la vie conjugale. Les trois premières	lettres	de Sabine à sa mère accuseront une situation qui, malheureusement,
TXM_etude_des_moeurs	affectueux respects à mon père. » Ces	lettres	expliquent parfaitement la situation secrète de la femme et du mari.
TXM_etude_des_moeurs	, elle avait jeté dans sa boîte aux	lettres	. Après le déjeuner, Calyste sortit en disant à sa femme
TXM_etude_des_moeurs	accepta. Après avoir fait accepter toutes ses	lettres	de change de morale, tirées à un an sur les habitudes
TXM_etude_des_moeurs	ravissants, des artistes, des gens de	lettres	nouveau-nés à la gloire qui niaient les anciens et les modernes et
TXM_etude_des_moeurs	illustre marquise ! --Vous voulez avoir de ses	lettres	?... dit le jeune comte. --Ah !... tu me
TXM_etude_des_moeurs	, dit tranquillement Charles-Édouard, voici les six	lettres	que vous m'avez fait l'honneur de m'écrire, elles
TXM_etude_des_moeurs	Mais, dans la circonstance actuelle, vos	lettres	étaient entachées d'un vice radical, d'une _nullité_, comme
TXM_etude_des_moeurs	--J'arrive. --Ah ! Il prit les deux	lettres	, y mit les adresses et sonna son domestique. --Porte cela
TXM_etude_des_moeurs	sottises. Où as -tu porté les deux	lettres	que je t'ai remises vendredi ? Joseph devint stupide. Semblable
TXM_etude_des_moeurs	Eugène en m'interrompant, l'une des	lettres	n'était pas pour madame de Nucingen ? --Non, de par
TXM_etude_des_moeurs	vous m'en représenterez la valeur en quinze	lettres	de change acceptées en blanc, chacune pour une somme de dix
TXM_etude_des_moeurs	et Gigonnet ont le ventre plein de vos	lettres	de change, qu'ils offrent partout à cinquante pour cent de
TXM_etude_des_moeurs	, ne doit rien. —Vrai ! —Mes	lettres	de change seront acquittées. —Possible ! —Et dans ce moment,
TXM_etude_des_moeurs	compléter votre somme par trente mille francs de	lettres	de change dont la bonté ne me sera pas contestée. C'
TXM_etude_des_moeurs	. Monsieur vient de me dire : _Mes	lettres	de change seront acquittées_, ajouta-t -il en présentant des traites souscrites
TXM_etude_des_moeurs	intention était seulement de ne pas payer vos	lettres	de change. La comtesse se leva, salua, et disparut
TXM_etude_des_moeurs	diamants. Si madame la comtesse signe des	lettres	de change, elle peut sans doute faire le commerce, acheter
TXM_etude_des_moeurs	éternel fonds de boutique de la république des	lettres	: la faute de la femme ! Et l'on se trouva
TXM_etude_des_moeurs	agents sur les lieux et avoir reçu des	lettres	qui lui donnent beaucoup d'espoir... Il prend pour vous cacher
TXM_etude_des_moeurs	--Et, dit le Consul en serrant les	lettres	et refermant à clef le portefeuille, la comtesse est morte.
TXM_etude_des_moeurs	. Thaddée reçut dans une seule semaine trente-sept	lettres	de femmes légères. Heureusement pour lui, son étonnante réserve n'
TXM_etude_des_moeurs	, ne sachant point si elle lisait les	lettres	d'une écriture inconnue ou si elle accorderait sa confiance à un
TXM_etude_des_moeurs	se leva, se mit à écrire des	lettres	dont aucune ne le satisfit, et les brûla toutes. Le
TXM_etude_des_moeurs	vous avez étourdiment oublié dans un tiroir trois	lettres	de madame de Sérizy ; les voici. Mon silence vous prouve
TXM_etude_des_moeurs	. La guerre commence, il reçoit des	lettres	écrites de Fleurus, de Ligny, tout allait bien. La
TXM_etude_des_moeurs	Firmiani. Cette dame lui avait donné quelques	lettres	de recommandation pour deux ou trois de ses amies à Naples.
TXM_etude_des_moeurs	si quelques hommes hardis lui écrivirent, leurs	lettres	durent être brûlées sans avoir été ouvertes. Madame Willemsens jetait au
TXM_etude_des_moeurs	de l’or moulu parcimonieusement appliqué sur les	lettres	de cette inscription, dans laquelle les U remplaçaient les V,
TXM_etude_des_moeurs	prix d’or la servante joufflue. Quelques	lettres	furent donc échangées de loin en loin pendant la quinzaine qui suivit
TXM_etude_des_moeurs	doute trop lourds, prit trois ou quatre	lettres	de change qui lui avaient été présentées, et les regarda sans
TXM_etude_des_moeurs	le remit de manière à ce que les	lettres	fussent dans leur sens naturel. — N’ayez pas le malheur
TXM_etude_des_moeurs	, et pour la simple Augustine ce fut	lettres	closes. Tout ce qu’elle put y voir, c’est
TXM_etude_des_moeurs	Sa Majesté Louis Dix-Huit_ (mettez en toutes	lettres	, hé ! monsieur le savant qui faites la Grosse !)
TXM_etude_des_moeurs	juin mil huit cent quatorze_ (en toutes	lettres	), dit Godeschal, y êtes -vous ? --Oui, répondirent
TXM_etude_des_moeurs	l’intérêt de madame_... (en toutes	lettres	) _la vicomtesse de Grandlieu_... --Comment ! s’écria le Maître
TXM_etude_des_moeurs	de moi, depuis mon retour, deux	lettres	écrites par moi -même. Elle ne m’aime plus ! Moi
TXM_etude_des_moeurs	, et du parti qu’ils tireraient des	lettres	que vous avez reçues de votre premier mari avant la célébration de
TXM_etude_des_moeurs	devais pas croire. J’ai reçu vos	lettres	, dit -elle vivement, en lisant sur les traits de son
TXM_etude_des_moeurs	, et n'avait pas un coffre aux	lettres	d'amour dans lequel ses amis pussent puiser en attendant qu'il
TXM_etude_des_moeurs	-il pas de piper les cœurs par des	lettres	d'amour ? Eh ! nous amèneras -tu la comtesse de Manerville
TXM_etude_des_moeurs	intérieur des familles ? Fallait -il convoquer par	lettres	closes les pères et les mères de _votre_ province pour les faire
TXM_etude_des_moeurs	sous le coup de cent mille francs de	lettres	de change qui s'acquitteront, je l'espère, par le
TXM_etude_des_moeurs	pouvoir aller à bord, Mathias remit deux	lettres	à l'un des matelots qui amenèrent le canot. —Mon cher
TXM_etude_des_moeurs	notaire au matelot en lui montrant une des	lettres	qu'il lui donnait, tu vois bien, ne te trompe
TXM_etude_des_moeurs	? Le matelot remit donc à Paul les	lettres	sans lui rien dire. En reconnaissant l'écriture de sa femme
TXM_etude_des_moeurs	. Il mit avec une apparente insouciance leurs	lettres	dans sa poche. —Voilà pourquoi ils nous dérangent ! des bêtises
TXM_etude_des_moeurs	d'un nouveau climat, il sentit ses	lettres	en mettant les mains dans ses poches ; il les saisit aussitôt
TXM_etude_des_moeurs	de l'argent avec cent mille francs de	lettres	de change pour essayer du jeu. Quelque coup du hasard pouvait
TXM_etude_des_moeurs	grave arrivait, tu peux m'envoyer tes	lettres	sous l'enveloppe du gouverneur des Indes, à Calcutta, j'
TXM_etude_des_moeurs	maison, et quelqu'un m'y gardera les	lettres	qui me viendront d'Europe. Cher ami, je désire te
TXM_etude_des_moeurs	il ne suffisait pas, apprends que tes	lettres	de change ont été protestées à la requête d'un sieur Lécuyer
TXM_etude_des_moeurs	sa mère, à qui elle écrivait deux	lettres	dans la semaine, et tu n'y as jamais pris garde
TXM_etude_des_moeurs	! vient d'acquitter cent mille francs de	lettres	de change, quoique séparée de biens. Heureusement tu t'es
TXM_etude_des_moeurs	jamais, à ta connaissance, écrit des	lettres	aussi longues que l'est celle -ci ? Lis donc avec attention
TXM_etude_des_moeurs	chez lui, à la Charité-sur-Loire, les	lettres	d'amour que sa maîtresse lui avait écrites, et qu'il
TXM_etude_des_moeurs	pâlir encore. Lorsque je lui tendis les	lettres	que je gardais sous mon oreiller, elle les prit machinalement ;
TXM_etude_des_moeurs	douloureuse vérité, que je cherchasse infructueusement les	lettres	sous mon chevet. Il serait inutile de vous raconter les événements
TXM_etude_des_moeurs	comme on dit, en pensant à ses	lettres	de change protestées, ou à celles de son amant. —
TXM_etude_des_moeurs	je vous attends. Après avoir redressé quelques	lettres	défigurées par le tremblement convulsif de sa main, elle mit un
TXM_etude_des_moeurs	jeunes cœurs. Quand il eut écrit ces	lettres	, il éprouva néanmoins une trépidation involontaire : il palpitait, il
TXM_etude_des_moeurs	. Le lendemain, Rastignac alla jeter ses	lettres	à la poste. Il hésita jusqu’au dernier moment, mais
TXM_etude_des_moeurs	du mois de décembre, Rastignac reçut deux	lettres	, l’une de sa mère, l’autre de sa sœur
TXM_etude_des_moeurs	et attendait de de Marsay une de ces	lettres	décisives qui déchirent l’âme. Tout heureux de son faux succès
TXM_etude_des_moeurs	, paf ! et vous verrez reparaître les	lettres	. — Mais c’est rien du tout, ça, dit
TXM_etude_des_moeurs	cas où il n’y aurait point de	lettres	, aurais -je les deux mille francs ? — Non. —
TXM_etude_des_moeurs	une forte claque, et les deux fatales	lettres	reparurent en blanc au milieu de la place rouge. — Tiens
TXM_etude_des_moeurs	personnes, monsieur de Trailles aurait souscrit des	lettres	de change montant à cent mille francs, presque toutes échues,
TXM_etude_des_moeurs	à le croire. Si vous avez mes	lettres	, montez dans ma chambre. On me préviendra. Elle se
TXM_etude_des_moeurs	argent comptant, monsieur d’Espard signe des	lettres	de change négociées par le sieur Mongenod, lequel a fait offre
TXM_etude_des_moeurs	Les _gens_ du monde, les _gens_ de	lettres	, les honnêtes _gens_, et les _gens_ de tout genre répandaient
TXM_etude_des_moeurs	d'elle en huit ans que les deux	lettres	que tu connais. En pensant qu'il était indigne de moi
TXM_etude_des_moeurs	loi gravée sur nos sabres, écrite en	lettres	d'or aux voûtes de nos palais, incessamment redite par les
TXM_etude_des_moeurs	avait, à tout hasard, donné des	lettres	de recommandation parmi lesquelles il s'en trouvait une pour un libraire
TXM_etude_des_moeurs	fait l'effet d'un sermon philosophique en	lettres	. L'amour est, je crois, un poème entièrement personnel
TXM_etude_des_moeurs	le couvert du nonce, en envoyant tes	lettres	par Rome. L'ambassadeur de France à Rome se chargera sans
TXM_etude_des_moeurs	lettre, il est au delà des cent	lettres	de Lovelace et de Saint-Preux. Oh ! voilà l'amour vrai
TXM_etude_des_moeurs	maîtresse. Mais, chère ! tes dernières	lettres	m'ont fait apercevoir tout ce que j'ai perdu ! Tu
TXM_etude_des_moeurs	! Oh ! Renée, tu brûles mes	lettres	, n'est -ce pas ? moi, je brûlerai les tiennes
TXM_etude_des_moeurs	Oh ! chère, une seule de tes	lettres	ruine cet édifice bâti par le grand écrivain de l'Aveyron,
TXM_etude_des_moeurs	m'écrire, n'omets rien ! Tes	lettres	me font une vie passionnée au milieu de mon ménage si simple
TXM_etude_des_moeurs	revenaient à l'esprit, je relisais tes	lettres	, et j'y découvrais je ne sais quelle mélancolie cachée.
TXM_etude_des_moeurs	t'aime sans te connaître ! _ Deux	lettres	charmantes enveloppaient ces présents, que je n'ai pas voulu accepter
TXM_etude_des_moeurs	m'as un peu punie en rendant tes	lettres	rares. Écris -moi, ma chère mignonne ! Dis -moi tous
TXM_etude_des_moeurs	comme si Dieu vous écrivait des caractères en	lettres	de feu dans l'espace ! Il n'y a plus rien
TXM_etude_des_moeurs	écrit et que je n'ai reçu de	lettres	de toi.... Je suis la plus coupable des deux,
TXM_etude_des_moeurs	. Si tu m'écris, adresse tes	lettres	à Florence. Je n'ai pas trop le temps de t'
TXM_etude_des_moeurs	Adieu donc, écris -moi de bonnes longues	lettres	. XLIII MADAME DE MACUMER A LA COMTESSE DE L'ESTORADE.
TXM_etude_des_moeurs	tranquille. Quant à écrire maintenant de longues	lettres	, le puis -je ? Celle -ci, dans laquelle je voudrais
TXM_etude_des_moeurs	lui a écrit de loin en loin des	lettres	vraiment paternelles, et qui sont émanées d'une belle âme ;
TXM_etude_des_moeurs	mon pauvre lézard n'a plus reçu de	lettres	, et il aime tant ce frère qu'il voulait s'embarquer
TXM_etude_des_moeurs	tâché de se faire un nom dans les	lettres	, et naturellement il a mené la plus effroyable vie d'angoisses
TXM_etude_des_moeurs	, à Versailles. On ira prendre nos	lettres	là tous les jours. Je ne veux pas que nous soyons
TXM_etude_des_moeurs	être encore amie sincère et dévouée. Tes	lettres	, ta douce et charmante figure me manquent. J'en suis
TXM_etude_des_moeurs	_ ma chère, est gravé en quatre	lettres	de feu sur toutes choses. Je lis ce fatal mot en
TXM_etude_des_moeurs	j'ai découvert qu'il va chercher des	lettres	à Sèvres ; il doit les déchirer aussitôt après les avoir lues
TXM_etude_des_moeurs	il ne parlait de ses mécomptes dans ses	lettres	pour ne pas l'affliger, il a été surpris par la
TXM_etude_des_moeurs	désignait Charles Mignon pour son député, trois	lettres	, venues de New-York, de Paris et de Londres, furent
TXM_etude_des_moeurs	de sa complice, consistait à mettre des	lettres	à la poste et à en retirer qui seraient adressées à Françoise
TXM_etude_des_moeurs	âme, aura de plus que toutes les	lettres	parfumées qui vous harcèlent ? Je me présente avec plus d'ennuis
TXM_etude_des_moeurs	quelque temps que je n'ai reçu de	lettres	anonymes.... --Une inconnue ? demanda La Brière. --Une inconnue
TXM_etude_des_moeurs	le poëte, avoir lu par avance mille	lettres	, avoir supposé tout, excepté cette goutte d'eau froide tombant
TXM_etude_des_moeurs	l'arrivée des fiacres, qui compte les	lettres	, qui les timbre doublement au moment précis où elles sont jetées
TXM_etude_des_moeurs	sur-le-champ en faisant à Françoise des enveloppes de	lettres	sur lesquelles elle écrivit elle -même son adresse à Ingouville, en
TXM_etude_des_moeurs	chez lui, sur la foi de mes	lettres	, après avoir pénétré pas à pas dans l'étendue de mon
TXM_etude_des_moeurs	Croyez -vous donc, mademoiselle, que des	lettres	, plus ou moins vraies par rapport à la vie telle qu'
TXM_etude_des_moeurs	, plus ou moins hypocrites, car les	lettres	que nous nous écririons seraient l'expression du moment où elles nous
TXM_etude_des_moeurs	invisible, celle du cœur à laquelle des	lettres	peuvent suffire, et la vie mécanique à laquelle on attache,
TXM_etude_des_moeurs	serait une bien mauvaise action. Vos deux	lettres	accusent précisément assez de malice pour inspirer ce doute à un Parisien
TXM_etude_des_moeurs	» O. D'ESTE-M. » Ces	lettres	ont paru très originales aux personnes à la bienveillance de qui la
TXM_etude_des_moeurs	que pressentie, a conseillé de supprimer onze	lettres	échangées entre Ernest et Modeste, pendant le mois de septembre ;
TXM_etude_des_moeurs	secrétaire intime se donnèrent ample carrière dans ces	lettres	que l'imagination de chacun fera peut-être plus belles qu'elles ne
TXM_etude_des_moeurs	anormal dans la vie du caissier. Trois	lettres	avaient apporté la ruine, une lettre ramenait la fortune. Le
TXM_etude_des_moeurs	Canalis. Hormis l'adresse, ces deux	lettres	étaient exactement pareilles, comme enveloppe et comme volume. Modeste crut
TXM_etude_des_moeurs	à sa mère, elle lui lut les	lettres	et les réponses, elle effeuilla dans le cœur de la bonne
TXM_etude_des_moeurs	La Brière était trop l'homme de ses	lettres	, il était trop le cœur noble et pur qu'il avait
TXM_etude_des_moeurs	je l'ai destiné à contenir toutes les	lettres	que je reçois, de toutes les parties de l'Europe,
TXM_etude_des_moeurs	D'autres, des railleurs, roulent ces	lettres	pour en allumer leurs cigares, ou les donnent à leurs femmes
TXM_etude_des_moeurs	domestique, sans omettre les vingt et quelques	lettres	échangées qu'il avait apportées, ni l'entrevue qu'il venait
TXM_etude_des_moeurs	le père eut fini la lecture de ces	lettres	, le pauvre amant, pâle et suppliant, trembla sous les
TXM_etude_des_moeurs	le personnel des poëtes. --J'ai lu vos	lettres	, dit Charles Mignon en laissant échapper un malicieux sourire, qui
TXM_etude_des_moeurs	D'ailleurs, si vous avez lu les	lettres	, vous avez dû voir que je vous ai trouvé pour gendre
TXM_etude_des_moeurs	voulez, une faute... --J'ai lu vos	lettres	, répéta le père en interrompant sa fille, ainsi je sais
TXM_etude_des_moeurs	sorte de solennité. --Et il a tes	lettres	! reprit Charles Mignon. Hein ?... Si ces folles caresses
TXM_etude_des_moeurs	d'un poëte ; mais, dans les	lettres	supprimées pour éviter les longueurs, un connaisseur eût admiré la réserve
TXM_etude_des_moeurs	au ton agressif et léger de ses premières	lettres	, par une transition assez naturelle à la femme. Le père
TXM_etude_des_moeurs	à cette belle cassette papale qui contenait les	lettres	des _mille et trois_ femmes de ce don Juan littéraire. Elle
TXM_etude_des_moeurs	Modestes qu'il avait créées en lisant ses	lettres	ou en y répondant. Cette visite, dont la durée fut
TXM_etude_des_moeurs	plus tard que les sentiments exprimés dans ses	lettres	avaient fléchi devant le plaisir de mettre aux prises trois esprits si
TXM_etude_des_moeurs	conversation, où domina la Modeste que ses	lettres	ont révélée, se porta sur cet homme dont le génie était
TXM_etude_des_moeurs	intelligence qui ne vienne demander à Paris ses	lettres	de maîtrise. Il n'y a d'école de peinture en
TXM_etude_des_moeurs	l'un à l'autre quatre ou cinq	lettres	par semaine. --Et la pauvre femme qui travaille pour m'obtenir
TXM_etude_des_moeurs	si elle est encore la Modeste de ses	lettres	, il y aurait de l'espoir... --Es -tu heureux,
TXM_etude_des_moeurs	. --Eh bien ! avez -vous lu mes	lettres	à monsieur de Canalis ? --Non, mademoiselle ; et si je
TXM_etude_des_moeurs	de rentes, était érigée en majorat par	lettres	patentes que la Cour Royale enregistra vers la fin du mois d'
TXM_etude_des_moeurs	un bleu de perruquier où se lisaient en	lettres	d'un blanc d'argent sur les côtés : _L 'Isle-Adam--Paris_
TXM_etude_des_moeurs	mon mari et moi, d'écrire des	lettres	anonymes. Je suis madame de Reybert, née de Corroy.
TXM_etude_des_moeurs	et payait tous les jours ses ports de	lettres	en paraissant hors d'état de les laisser s'accumuler. Il
TXM_etude_des_moeurs	triomphe que de trouver un changement de quelques	lettres	ou d'un mot à peu près semblable qui laissait au proverbe
TXM_etude_des_moeurs	par ce personnage énigmatique, et lut en	lettres	dorées : « Maître Crottat, notaire. » Aussitôt le comte
TXM_etude_des_moeurs	et tu devrais te graver le dernier en	lettres	de feu dans ta mémoire... --Oh ! il y est,
TXM_etude_des_moeurs	allait avoir à lire, à cacher des	lettres	, à y répondre. La toilette, cette magnifique poésie de
TXM_etude_des_moeurs	où elle ne fut consolée que par les	lettres	passionnées de Raoul, à qui elle écrivit tous les jours.
TXM_etude_des_moeurs	écrivain en prenant pour cinquante mille francs de	lettres	de change à quatre mois. Du Tillet tenait ainsi Raoul par
TXM_etude_des_moeurs	des plaisirs qu'y semait Florine. Ses	lettres	à Marie étaient des chefs-d'œuvre d'amour, de grâce et de
TXM_etude_des_moeurs	plus facile de devenir ministre. Les précieuses	lettres	de Marie étaient déposées dans un de ces portefeuilles à secret offerts
TXM_etude_des_moeurs	, contînt des trésors d'amour, les	lettres	d'une rivale que, selon la demande de Raoul, la
TXM_etude_des_moeurs	dans six mois. En octobre, les	lettres	de change échurent, du Tillet les renouvela gracieusement, mais à
TXM_etude_des_moeurs	plume habile et amoureuse ; elle baisait ces	lettres	écrites au milieu des batailles livrées par la presse, prélevées sur
TXM_etude_des_moeurs	laquelle Gigonnet lui compta les sommes sur des	lettres	de change à vingt jours. Au lieu de chercher les raisons
TXM_etude_des_moeurs	fit pas attendre. Vingt jours après les	lettres	de change étaient protestées ; mais au Tribunal de commerce, Florine
TXM_etude_des_moeurs	plus efficacement. Madame de Nucingen veut quatre	lettres	de change de chacune dix mille francs, signées de n'importe
TXM_etude_des_moeurs	, il écrivit sur le papier en grosses	lettres	: 17 FÉVRIER 1835. Ce mouvement si joli, si naïf
TXM_etude_des_moeurs	dit -elle en tirant de son manchon quatre	lettres	de change préparées selon la formule par Nathan. —_Hâ ! ze
TXM_etude_des_moeurs	sécher : elle se leva, mit les	lettres	de change dans son manchon, et tira son radieux maître des
TXM_etude_des_moeurs	elle prit les billets et remit les quatre	lettres	de change. —Cela se balancera, dit la baronne au caissier
TXM_etude_des_moeurs	lettre de garantie et envoya chercher les quatre	lettres	de change. Vandenesse, pendant ce moment, jeta sur la
TXM_etude_des_moeurs	de France, en lui remettant les quatre	lettres	de change qu'elle alla prendre au caissier : —N 'oubliez
TXM_etude_des_moeurs	yeux, et lui montrer à temps ses	lettres	à Nathan vendues par Florine, à laquelle il comptait les racheter
TXM_etude_des_moeurs	qui écrivait comme une cuisinière venant redemander ses	lettres	à un de mes amis ; je n'ai jamais depuis retrouvé
TXM_etude_des_moeurs	côté la lettre de garantie et les quatre	lettres	de change de Schmuke, que la comtesse reconnut, et il
TXM_etude_des_moeurs	; car sa femme revint, toutes les	lettres	de Nathan à la main, et les lui livra. —Jugez
TXM_etude_des_moeurs	aime ? répondit -il. Il prit les	lettres	et les jeta dans le feu, car plus tard sa femme
TXM_etude_des_moeurs	de toi, je te ferai rendre tes	lettres	par Florine elle -même. —Oh ! pourquoi ne les rendrait -il
TXM_etude_des_moeurs	, car nous ne pouvons pas avoir tes	lettres	autrement sans nous compromettre ; et, en te les apportant,
TXM_etude_des_moeurs	en relation depuis un an, et les	lettres	de ta rivale sont cachées, à ton nez, chez toi
TXM_etude_des_moeurs	chez moi, et nous y chercherons ces	lettres	auxquelles je croirai quand je les verrai ; il les écrirait donc
TXM_etude_des_moeurs	ne t'a jamais été confiée, les	lettres	doivent y être. —Pour le coup, je suis intriguée,
TXM_etude_des_moeurs	maroquin qui s'ouvrit et laissa passer les	lettres	de Marie. Florine en prit une au hasard. —Oui,
TXM_etude_des_moeurs	une faute d'orthographe. Vandenesse prit les	lettres	et les donna à sa femme, qui alla vérifier sur une
TXM_etude_des_moeurs	Madame de Vandenesse s'était enfuie avec les	lettres	. —Hé ! dis donc, beau masque ? laisse-m'en une seule
